Model,Accuracy,Precision,Recall,F1-Score,ROC-AUC,Specificity
Logistic Regression,0.575,0.5779816513761468,0.6176470588235294,0.5971563981042654,0.5671268507402962,0.5306122448979592
Random Forest,0.535,0.5463917525773195,0.5196078431372549,0.5326633165829145,0.5045018007202882,0.5510204081632653
XGBoost,0.49,0.5,0.5392156862745098,0.5188679245283019,0.5014005602240896,0.4387755102040816
